{
   "drowning.warning": {
        "sounds": [
            "sonic_drowning"
        ],
        "category": "player"
   },
   "mark.curse": {
      "sounds": [
          "mark_curse"
      ],
      "category": "player"
   },
   "spin.jump": {
     "sounds": [
         "spin_jump"
     ],
     "category": "player"
   },
   "speed.stop": {
     "sounds": [
         "speed_stop"
     ],
     "category": "player"
   },
   "spin.dash": {
     "sounds": [
         "spin_dash"
     ],
     "category": "player"
   }
}