{
   "drowning.warning": {
        "sounds": [
            "sonic_drowning"
        ],
        "category": "player"
   },
   "mark.curse": {
      "sounds": [
          "mark_curse"
      ],
      "category": "player"
   },
   "spin.jump": {
     "sounds": [
         "spin_jump"
     ],
     "category": "player"
   },
   "speed.stop": {
     "sounds": [
         "speed_stop"
     ],
     "category": "player"
   },
   "spin.dash": {
     "sounds": [
         "spin_dash"
     ],
     "category": "player"
   },
   "power": {
     "sounds": [
         "power"
     ],
     "category": "player"
   },
   "sizzle": {
     "sounds": [
         "sizzle"
     ],
     "category": "player"
   },
   "fleetway.taunt": {
     "sounds": [
         "fleetlines/1",
         "fleetlines/2",
         "fleetlines/3",
         "fleetlines/4",
         "fleetlines/5",
         "fleetlines/6",
         "fleetlines/7",
         "fleetlines/8",
         "fleetlines/9",
         "fleetlines/10",
         "fleetlines/11"
     ],
     "category": "player"
   },
   "eye.beams": {
     "sounds": [
         "eye_beams"
     ],
     "category": "player"
   },
   "glock17.fire": {
     "sounds": [
         "weapons/glock17/fire_1",
         "weapons/glock17/fire_2",
         "weapons/glock17/fire_3",
         "weapons/glock17/fire_4"
     ],
     "category": "player"
   },
   "revolver.fire": {
     "sounds": [
         "weapons/revolver/fire_1",
         "weapons/revolver/fire_2",
         "weapons/revolver/fire_3"
     ],
     "category": "player"
   },
   "tails.flight": {
     "sounds": [
         "tails_flight"
     ],
     "category": "player"
   },
   "rouge.flight.loop": {
     "sounds": [
         "rouge_flight_loop"
     ],
     "category": "player"
   },
   "rouge.flight.start": {
     "sounds": [
         "rouge_flight_start"
     ],
     "category": "player"
   },
   "landing": {
     "sounds": [
         "landing"
     ],
     "category": "player"
   },
   "2011x.laugh": {
     "sounds": [
         "2011x_laugh"
     ],
     "category": "player"
   },
   "2017x.laugh": {
     "sounds": [
         "2017x_laugh"
     ],
     "category": "player"
   },
   "xeno.laugh": {
     "sounds": [
         "xeno_laugh"
     ],
     "category": "player"
   },
   "exe.ability": {
     "sounds": [
         "exe_ability"
     ],
     "category": "player"
   },
   "2017x.theme": {
     "sounds": [
         "2017x_theme"
     ],
     "category": "player"
   },
   "pcx.idle": {
     "sounds": [
         "pcx_idle"
     ],
     "category": "player"
   },
   "found.you.activate": {
     "sounds": [
         "found_you_activate"
     ],
     "category": "player"
   },
   "found.you.ambience": {
     "sounds": [
         "found_you_ambience"
     ],
     "category": "player"
   },
   "pcx.chase.theme": {
     "sounds": [
         "pcx_chase_theme"
     ],
     "category": "player"
   },
   "ultimate.chase.theme": {
     "sounds": [
         "ultimate_chase_theme"
     ],
     "category": "player"
   },
   "2011x.chase.theme": {
     "sounds": [
         "2011x_chase_theme"
     ],
     "category": "player"
   },
   "spy.cloak": {
     "sounds": [
         "spy_cloak"
     ],
     "category": "player"
   },
   "spy.uncloak": {
     "sounds": [
         "spy_uncloak"
     ],
     "category": "player"
   }
}